{
  "test": 0.21666666666666667,
  "id_test": 0.40625
}